{
    "user_badges":[],
    "user":{
        "id":23436,
        "username":"Robert_Wilson",
        "name":"Robert Wilson",
        "avatar_template":"/user_avatar/support.glitch.com/robert_wilson/{size}/29846_2.png",
        "email":"stackwey1234@gmail.com",
        "secondary_emails":[],
        "unconfirmed_emails":[],
        "last_posted_at":null,
        "last_seen_at":"2024-06-15T22:35:47.250Z",
        "created_at":"2024-04-19T22:04:41.155Z",
        "ignored":false,
        "muted":false,
        "can_ignore_user":false,
        "can_mute_user":false,
        "can_send_private_messages":false,
        "can_send_private_message_to_user":false,
        "trust_level":0,
        "moderator":false,
        "admin":false,
        "title":null,
        "badge_count":0,
        "user_fields":{
            "1":null
        },
        "custom_fields":{},
        "time_read":269,
        "recent_time_read":269,
        "primary_group_id":null,
        "primary_group_name":null,
        "flair_group_id":null,
        "flair_name":null,
        "flair_url":null,
        "flair_bg_color":null,
        "flair_color":null,
        "featured_topic":null,
        "pending_posts_count":0,
        "bio_excerpt":null,
        "bio_cooked":null,
        "can_edit":true,
        "can_edit_username":true,
        "can_edit_email":true,
        "can_edit_name":true,
        "uploaded_avatar_id":29846,
        "has_title_badges":false,
        "pending_count":0,
        "profile_view_count":0,
        "second_factor_enabled":false,
        "second_factor_backup_enabled":false,
        "associated_accounts":[
            {
                "name":"google_oauth2",
                "description":"stackwey1234@gmail.com"
            }
        ],
        "can_upload_profile_header":true,
        "can_upload_user_card_background":true,
        "locale":"en",
        "muted_category_ids":[
            28,
            27,
            20,
            6
        ],
        "regular_category_ids":[],
        "watched_tags":[],
        "watching_first_post_tags":[],
        "tracked_tags":[],
        "muted_tags":[],
        "tracked_category_ids":[],
        "watched_category_ids":[],
        "watched_first_post_category_ids":[],
        "system_avatar_upload_id":null,
        "system_avatar_template":"https://avatars.discourse-cdn.com/v4/letter/r/b782af/{size}.png",
        "custom_avatar_upload_id":29846,
        "custom_avatar_template":"/user_avatar/support.glitch.com/robert_wilson/{size}/29846_2.png",
        "muted_usernames":[],
        "ignored_usernames":[],
        "allowed_pm_usernames":[],
        "mailing_list_posts_per_day":8,
        "can_change_bio":true,
        "can_change_location":true,
        "can_change_website":true,
        "can_change_tracking_preferences":true,
        "user_api_keys":null,
        "user_passkeys":[],
        "user_auth_tokens":[
            {
                "id":39226,
                "client_ip":"98.109.186.73",
                "location":"Toms River, New Jersey, United States",
                "browser":"Microsoft Edge",
                "device":"iPhone",
                "os":"iOS",
                "icon":"fab-apple",
                "created_at":"2024-04-19T22:04:41.577Z",
                "seen_at":"2024-04-19T22:04:41.809Z"
            },
            {
                "id":39886,
                "client_ip":"98.109.186.73",
                "location":"Toms River, New Jersey, United States",
                "browser":"Safari",
                "device":"Mac",
                "os":"macOS",
                "icon":"fab-apple",
                "created_at":"2024-06-15T22:21:39.341Z",
                "seen_at":"2024-06-15T22:31:41.005Z"
            }
        ],
        "user_notification_schedule":{
            "id":96,
            "user_id":23436,
            "enabled":true,
            "day_0_start_time":480,
            "day_0_end_time":1020,
            "day_1_start_time":480,
            "day_1_end_time":1020,
            "day_2_start_time":480,
            "day_2_end_time":1020,
            "day_3_start_time":480,
            "day_3_end_time":1020,
            "day_4_start_time":480,
            "day_4_end_time":1020,
            "day_5_start_time":480,
            "day_5_end_time":1020,
            "day_6_start_time":480,
            "day_6_end_time":1020
        },
        "use_logo_small_as_avatar":false,
        "sidebar_tags":[],
        "sidebar_category_ids":[],
        "display_sidebar_tags":true,
        "can_pick_theme_with_custom_homepage":false,
        "reminders_frequency":[
            {
                "name":"discourse_assign.reminders_frequency.never",
                "value":0
            },
            {
                "name":"discourse_assign.reminders_frequency.daily",
                "value":1440
            },
            {
                "name":"discourse_assign.reminders_frequency.weekly",
                "value":10080
            },
            {
                "name":"discourse_assign.reminders_frequency.monthly",
                "value":43200
            },
            {
                "name":"discourse_assign.reminders_frequency.quarterly",
                "value":129600
            }
        ],
        "cakedate":"2024-04-19",
        "birthdate":null,
        "accepted_answers":0,
        "featured_user_badge_ids":[],
        "invited_by":null,
        "groups":[
            {
                "id":10,
                "automatic":true,
                "name":"trust_level_0",
                "display_name":"trust_level_0",
                "user_count":13400,
                "mentionable_level":0,
                "messageable_level":0,
                "visibility_level":1,
                "primary_group":false,
                "title":null,
                "grant_trust_level":null,
                "flair_url":null,
                "flair_bg_color":null,
                "flair_color":null,
                "bio_cooked":null,
                "bio_excerpt":null,
                "public_admission":false,
                "public_exit":false,
                "allow_membership_requests":false,
                "full_name":null,
                "default_notification_level":3,
                "membership_request_template":null,
                "members_visibility_level":0,
                "can_see_members":true,
                "publish_read_state":false
            }
        ],
        "group_users":[
            {
                "group_id":10,
                "user_id":23436,
                "notification_level":3,
                "owner":false
            }
        ],
        "user_option":{
            "user_id":23436,
            "mailing_list_mode":true,
            "mailing_list_mode_frequency":1,
            "email_digests":false,
            "email_level":0,
            "email_messages_level":0,
            "external_links_in_new_tab":false,
            "color_scheme_id":null,
            "dark_scheme_id":null,
            "dynamic_favicon":false,
            "enable_quoting":true,
            "enable_defer":false,
            "digest_after_minutes":10080,
            "automatically_unpin_topics":true,
            "auto_track_topics_after_msecs":300000,
            "notification_level_when_replying":2,
            "new_topic_duration_minutes":2880,
            "email_previous_replies":0,
            "email_in_reply_to":true,
            "like_notification_frequency":1,
            "include_tl0_in_digests":false,
            "theme_ids":[
                1
            ],
            "theme_key_seq":0,
            "allow_private_messages":true,
            "enable_allowed_pm_users":false,
            "homepage_id":null,
            "hide_profile_and_presence":false,
            "text_size":"normal",
            "text_size_seq":0,
            "title_count_mode":"notifications",
            "bookmark_auto_delete_preference":3,
            "timezone":"America/New_York",
            "skip_new_user_tips":false,
            "default_calendar":"none_selected",
            "oldest_search_log_date":null,
            "seen_popups":[
                1,
                3
            ],
            "sidebar_link_to_filtered_list":false,
            "sidebar_show_count_of_new_items":false,
            "watched_precedence_over_muted":null,
            "topics_unread_when_closed":true,
            "policy_email_frequency":"always"
        }
    }
}
